{"cameraMode":{"drawMode":0,"name":"Shaded","section":"Shading Mode"},"sceneLighting":true,"audioPlay":false,"sceneViewState":{"showFog":true,"showMaterialUpdate":false,"showSkybox":true,"showFlares":true,"showImageEffects":true,"showParticleSystems":true},"in2DMode":false,"pivot":{"x":0.359000027179718,"y":-0.004999995231628418,"z":-4.623000144958496},"rotation":{"x":-0.000798502704128623,"y":-0.9991429448127747,"z":0.03448416292667389,"w":-0.02307654172182083},"size":5.891756057739258,"orthographic":false}