{"cameraMode":{"drawMode":0,"name":"Shaded","section":"Shading Mode"},"sceneLighting":true,"audioPlay":false,"sceneViewState":{"showFog":true,"showMaterialUpdate":false,"showSkybox":true,"showFlares":true,"showImageEffects":true,"showParticleSystems":true},"in2DMode":false,"pivot":{"x":2.047403573989868,"y":-1.0110276937484742,"z":-2.3037474155426027},"rotation":{"x":0.002775874687358737,"y":0.9926890730857849,"z":-0.023230720311403276,"w":0.11848516017198563},"size":3.9334089756011965,"orthographic":false}